a foot, afoot,'’
a God's name,'’, in God's name
a laske, '', diarrhea
a-making,'’,'’
abhominable, abominable,'’
abhomination, abomination,'’
abhorre, abhor,'’
abjects,'’,'’
aboundance, abundance,'’
aboundantly, abundantly,'’
Abroea,'’,'’
absit, '', [latin]
abstaine, abstain,'’
ac, '', [latin]
accesse, access,'’
accompt,'’,'’
accompted,'’,'’
accustome, accustom,'’
accustometh,'’,'’
acervatim, '', [latin]
Achaia, Achaea,'’
Acheron,'’,'’
acrosse, across,'’
Actaeon, Acteon,'’
Acteon,'’,'’
Actium,'’,'’
ad, '', [latin]
adhuc, '', [latin]
adicted, addicted,'’
adjoyning, adjoyning,'’
Adlington,'’,'’
Adlington's,'’,'’
administred, administered,'’
adoe, ado,'’
Adonis,'’,'’
advise, advice,'’
Aegyptians, Egyptians,'’
Aesop,'’,'’
Aethiopians, Ethiopians,'’
afarre, afar,'’
affirme, affirm,'’
affirmeth,'’,'’
Africa,'’,'’
African,'’,'’
Africke, Africa,'’
againe, again,'’
Ageum, Aegeum,'’
aggeratim, '', [latin]
agminatim, '', [latin]
aire, air,'’
Ajax,'’,'’
ake, ache,'’
aked, ached,'’
alasse, alas,'’
Alcinus, Alcinous,'’
Alexander,'’,'’
alioquin, '', [latin]
alleadged, alleged,'’
almes, alms,'’
alotted, allotted,'’
Althea, Althaea, mythic queen
altior, '', [latin]
altiora, '', [latin]
alwaies, always,'’
alwayes, always,'’
amased, amazed,'’
America,'’,'’
amicula, '', [latin]
amores, '', [latin]
Anacharsis,'’,'’
angell, angel,'’
animall, animal,'’
anno, '', [latin]
annoint, anoint,'’
annointed, anointed,'’
Annubis, Anubis,'’
answere, answer,'’
Antictons,'’,'’
antient, ancient,'’
antients, ancients,'’
apaid,'’, satisfied
apayed,'’,'’
Apelious, Apuleius,'’
Apollo,'’,'’
apparell, apparel,'’
appeare, appear,'’
appeareth,'’,'’
appeasest,'’,'’
Appolonius, '', [character]
appoynted, appointed,'’
approched, approached,'’
aproched, approached,'’
Apuleian,'’,'’
apuleii, '', [latin]
Apuleius,'’,'’
apuleius, '', [german]
apuleius, '', [latin]
Arabia,'’,'’
Arabian,'’,'’
arayed, arrayed,'’
Arcadia,'’,'’
Archadia, Arcadia,'’
Argus,'’, mythical
Arion,'’,'’
ariseth,'’,'’
Aristomenes,'’,'’
Aristomenus, Aristomenes,'’
Aristotle, '', philosopher
Aristotles, Aristotle's,'’
Arisuatus,'’,'’
arived, arrived,'’
Arlington's,'’,'’
arme, arm,'’
armes, arms,'’
arrowes, arrows,'’
artibus, '', [latin]
Asclepius, '',god of medicine
Asia,'’,'’
asinall,'’,'’
Asinius,'’,'’
asino, '', [latin]
asinum, '', [latin]
askd, asked,'’
aske, ask,'’
asleepe, asleep,'’
aspis,'’, venomous snake
aspishly,'’, snakelike
ass, '', [latin]
assaile, assail,'’
assayle, assail,'’
asse, ass,'’
assie,'’,'’
assmbly, assembly,'’
asswage, assuage,'’
assy, assie,'’
Assyria,'’,'’
Assyrian,'’,'’
astonied,'’,'’
astonyed, astounded,'’
atcheived, achieved,'’
atchieved, achieved,'’
Athenian,'’,'’
Athenians,'’,'’
Athens,'’,'’
atque, '', [latin]
Atreus,'’,'’
attaine, attain,'’
attentiv, attentive,'’
attinere, '', [latin]
attyred, attired,'’
aucun, '', [latin]
audierit, '', [latin]
Augustine,'’,'’
auncestry, ancestry,'’
auntients, ancients,'’
aurora, '', [latin]
authoritys, authorities,'’
autobioggraphy, autobiography,'’
availe, avail,'’
avec, '', [french]
Avitus,'’,'’
avoyd, avoid,'’
ayd, aid,'’
ayde, aid,'’
ayded, aided,'’
ayding, aiding,'’
ayre, air,'’
azured,'’,'’
Babulus,'’,'’
Babylon,'’,'’
Bacchus,'’,'’
backe, back,'’
backes, backs,'’
Bactrian,'’,'’
bactrinae, '', [french]
baine, bain,'’
bains, baines,'’
bake house, bakehouse,'’
balme, balm,'’
Balzac,'’, writer
bandogges, bandogs, guard dogs
banke, bank,'’
banket, banquet,'’
bankets, banquets,'’
banketting, banqueting,'’
banquetting, banqueting,'’
Barbarus,'’,[character]
barbary,'’,'’
barke, bark, rowboat
barly, barley,'’
Barnaby,'’,'’
barne, barn,'’
barraine, barren,'’
barrettors, barretors,'’
bason, basin,'’
battell, battle,'’
Baudelaire,'’,'’
baynes, baines,'’
beanes, beans,'’
beare, bear,'’
beares, bears,'’
bearest,'’,'’
beareth,'’,'’
beastes, beasts,'’
beastiall, beastial,'’
beate, beat,'’
beati, '', [latin]
beautifull, beautiful,'’
becommeth,'’,'’
beefe, beefe,'’
beeing, being,'’
beene, been,'’
beere, beere,'’
beganne, began,'’
begge, beg,'’
begger, beggar,'’
beginnest,'’,'’
behinde, behind,'’
beholdeth,'’,'’
beleefe, belief,'’
beleeve, believe,'’
beleeved, believed,'’
Bellephoron,'’,'’
Bellerophon, Bellephoron,'’
belling,'’, distending
Bellona,'’,'’
benigne, benign,'’
bepissed,'’,'’
Bernard,'’,'’
Beroaldi, '', writer
beroaldi, '', [latin]
bespred, bespread,'’
bestaill, bestial,'’
beste, '', [french]
bestoweth,'’,'’
betokeneth,'’,'’
betweene, between,'’
bever, beaver,'’
bewaile, bewail,'’
bewayle, bewail,'’
bewray,'’, expose
biere, bier,'’
bignesse, bigness,'’
binde, bind,'’
binne, bin,'’
blacke, black,'’
blaterantem, '', [latin]
blew, blue,'’
blewish, bluish,'’
blindnes, blindness,'’
blindnese, blindness,'’
blindnesse, blindness,'’
blisse, bliss,'’
blood sucker, bloodsucker,'’
bloodie, bloody,'’
bloud, blood,'’
bloudie, bloody,'’
bloudy, bloody,'’
blowes, blows,'’
blowne, blown,'’
boare, boar,'’
boares, boars,'’
Boccaccio,'’,'’
bodie, body,'’
Boetia,'’,region of Greece
Boetian,'’,'’
Boetius,'’,'’
boke, book,'’
boldnes, boldness,'’
bole, bowl,'’
bonet, bonnet,'’
booke, book,'’
bookes, books,'’
books, '', [latin]
boords, boards,'’
bord, board,'’
bosome, bosom,'’
bottels, bottles,'’
bottome, bottom,'’
boughes, boughs,'’
boulsters, bolsters,'’
boult,'’,'’
boulting,'’,'’
Bouthiere,'’,'’
boves, '', [latin]
bowe, bow,'’
bowes, bows,'’
boxe, box,'’
boyes, boys,'’
boyled, boiled,'’
branne, bran,'’
brasse, brass,'’
breake, break,'’
breakefast, breakfast,'’
breakr, breaker,'’
brest, breast,'’
brier,'’, [alt] briar
brightnesse, brightness,'’
bringe, bring,'’
bringest,'’,'’
bringeth,'’,'’
bristeled, bristled,'’
Britunis,'’,'’
broomes, brooms,'’
browne, brown,'’
broyle, broil,'’
broyling, broiling,'’
brulinus, '', [latin]
bryers, briers,'’
brymstone, brimstone,'’
bucke, buck,'’
buffetings,'’,'’
buffetted, buffeted,'’
buier, buyer,'’
buiers, buyiers,'’
bulles, bulls,'’
burgen, burgeon,'’
buriall, burial,'’
burne, burn,'’
Burnell,'’,'’
burneth,'’,'’
busie, busy,'’
businesse, business,'’
buttockes, buttocks,'’
Byrrhena,'’,[character] cousin of Apuleius
caelum, '', [latin]
Caesar, '',hail Caesar hail yeah
caitif, caitiff, cowardly
caitife, caitiff,'’
calamitie, calamity,'’
Calipso, Calypso,'’
calleth,'’,'’
calvaria, '', [latin]
Calypso, '', goddess
camell, camel,'’
camelo, '', [french]
campe, camp,'’
Campensis,'’, temple 
camporum, '', [latin]
candels, candles,'’
Candians,'’,'’
Candidus,'’,'’
capacitie, capacity,'’
capillum, '', [latin]
capitalisation,'’,'’
Cappadocia,'’,'’
captaine, captain,'’
captaines, captains,'’
carefull, careful,'’
carelesse, careless,'’
carest,'’,'’
caried, carried,'’
carkases, carcasses,'’
carkasse, carcasse,'’
carnall, carnal,'’
carraine, carrion,'’
carrie, carry,'’
carryed, carried,'’
Carthage,'’,'’
Carthaginians,'’,'’
cary, carry,'’
castell, castle,'’
casteth,'’,'’
causeth,'’,'’
causificantem, '', [latin]
cavellations, cavillations,'’
caverne, cavern,'’
cavillations,'’,'’
caytiffe, caitiff,'’
cc,'','’
cc0,'','’
celestiall, celestial,'’
Cenchris,'’, city in Carthage
centaures, centaurs,'’
Cerberus,'’,'’
cerdo, '', [latin]
Ceres,'’,'’
certaine, certain,'’
cervam, '', [latin]
Cesar, Caesar,'’
ceteris, '', [latin]
chaced, chased,'’
chaire, chair,'’
chaires, chairs,'’
chamberlaine, chamberlain,'’
chapell, chapel,'’
Charite, Charites,'’
Charites,'’,[character] kidnap victim
Charles,'’,'’
charme, charm,'’
charmes, charms,'’
Charon,'’,'’
chasse,'’, casket
chast, chaste,'’
chastitie, chastity,'’
cheapned, cheapened,'’
cheekes, cheeks,'’
cheere, cheer,'’
Cherillus, Choerilus, poet
cheval, '', [french]
chickin, chicken,'’
chiefe, chief,'’
chiez, '', [latin]
childishnesse, childishness,'’
childrens, children's,'’
Chimera,'’,'’
choller, choler,'’
chooseth,'’,'’
choppe, chop,'’
Chriseros,'’,'’
Christ,'’,'’
christall, crystal,'’
chuffe, chuff,'’
Cicero,'’,'’
cicuta,'’,'’
cimbals, cymbals,'’
cinamon, cinnamon,'’
cipresse, cypress,'’
Circe,'’,'’
citie, city,'’
citisen, citizen,'’
citisens, citizens,'’
civill, civil,'’
Cl,'’, [abbr] Claudius
Claudius,'’,'’
clawes, claws,'’
clayme, claim,'’
cleane, clean,'’
cleare, clear,'’
cleareth,'’,'’
cleere, clear,'’
clense, cleanse,'’
clerke, clerk,'’
climbe, climb,'’
climed, climbed,'’
cloake, cloak,'’
cloakes, cloaks,'’
cloked, cloaked,'’
cloutes, cloths,'’
clubbes, clubs,'’
coale, coal,'’
coate, coat,'’
Cobler, Cobbler,'’
cocke, cock,'’
cockes, cocks,'’
Cocytus,'’,'’
coetus, '', [latin]
cofers, coffers,'’
cogitationis, '', [latin]
colledge, college,'’
colourless,'’,'’
combred, cumbered,'’
comelinesse, comeliness,'’
comly, comely,'’
commandement, commandment,'’
commandements, commandments,'’
commandeth,'’,'’
commaund, command,'’
commaunded, commanded,'’
commaundement, commandement,'’
commentariis, '', [latin]
commest,'’,'’
commeth,'’,'’
comming, coming,'’
commited, committed,'’
commodum, '', [latin]
commonweale, commonweal,'’
companie, company,'’
compascuus, '', [latin]
compasse, compass,'’
compelleth,'’,'’
complaine, complain,'’
conceale, conceal,'’
concubia, '', [latin]
condemnest,'’,'’
confessd, confessed,'’
confesse, confess,'’
confirme, confirm,'’
coniuncti, '', [latin]
conject,'’,'’
contayning, containing,'’
contemme, condemn,'’
contemne', condemn,'’
contemnest, contemnest,'’
contes, '', [french]
continencie, continency,'’
continency, continence,'’
continuall, continual,'’
convenable,'’,'’
conveniable, convenable,'’
convenlre, '', [latin]
conversent, conversant,'’
cooke, cook,'’
coopyes, copies,'’
cope,'’, clerical cloak
Copton,'’,'’
Corinth,'’,'’
corne, corn,'’
Cornelia,'’,'’
corpes, corpse,'’
corrupto, '', [latin]
cosin, cousin,'’
cosses, kisses,'’
coucheth,'’, bow down
counsailed, counselled,'’
counsell, counsel,'’
counterpoison,'’,'’
counterpoyson, counterpoison,'’
countrey, country,'’
countreyes, countries,'’
countreys, countries,'’
country-house,'’,'’
couragious, courageous,'’
couragiously, courageously,'’
courtesie, courtesy,'’
cousine, cousin,'’
coverartist,'’,'’
covereth,'’,'’
covetousnes, covetousness,'’
cowardise, cowardice,'’
cowheards, cowherds,'’
crackt, cracked,'’
creepe, creep,'’
Creon,'’,'’
crepusculum, '', [latin]
crevis, crevice,'’
crie, cry,'’
crowne, crown,'’
crownes, crowns,'’
cruell, cruel,'’
cruellnesse, cruelty,'’
crueltie, cruelty,'’
cryed, cried,'’
cryes, cries,'’
crystall, crystal,'’
cudgill, cudgel,'’
cum, '', [latin]
cunny,'’, rabbit
cupboord, cupboard,'’
Cupid,'’,'’
cupidoes,'’,[neologism] cherubs 
curiositie, curiosity,'’
curtesie, courtesy,'’
custome,'’,'’
Custome,'’,'’
customes, customs,'’
cypresse, cypress,'’
Cythera,'’,'’
daies, days,'’
daintie, dainty,'’
damaske, damask,'’
dammage, damage,'’
damme, dame,'’
damne, damn,'’
Daniel,'’,'’
Daphne,'’,'’
darest,'’,'’
darke, dark,'’
darknes, darkness,'’
darknesse, darkness,'’
dastard-like,'’,'’
dastardness,'’,'’
dastardnesse, dastardness,'’
daughter-in-law,'’,'’
dayes, days,'’
dayse, days,'’
de, '', [french]
de, '', [latin]
deale, deal,'’
deare, dear,'’
dearely, dearly,'’
Decamerone,'’,[italian] book
deceipt, deceit,'’
deceipts, deceits,'’
deceitfull, deceitful,'’
December,'’,'’
decke, deck,'’
declareth,'’,'’
deeme, deem,'’
deepe, deep,'’
deere, dear,'’
deforme, deform,'’
dein, '', [latin]
delaied, delayed,'’
delecates, delicates,'’
delightes, delights,'’
delighteth,'’,'’
delightfull, delightful,'’
demaunded, demanded,'’
demaunding, demanding,'’
Demeas,'’,'’
Demochares,'’,[character] bear-keeper
den, '', [german]
deniall, denial,'’
denie, deny,'’
denne, den,'’
dennes, dens,'’
dentibus, '', [latin]
denyed, denied,'’
departeth,'’,'’
des, '', [german]
desart, desert,'’
descendest,'’,'’
deservest,'’,'’
deserveth,'’,'’
desiredst,'’,'’
desiredst, desired,'’
desireth,'’,'’
despaire, despair,'’
despight, despite,'’
destinie, destiny,'’
devide, divide,'’
devouer, devour,'’
devoure, devour,'’
diademe, diadem,'’
Diana,'’,'’
diddest,'’,'’
diffamed, defamed,'’
difficill, difficult,'’
dimme, dim,'’
dimovent, '', [latin]
Diophanes,'’,'’
dishonour,'’,'’
dishonoured,'’,'’
dismembred, dismembered,'’
disordinate,'’,'’
dispossesse, dispossess,'’
dissentions, dissensions,'’
dissimuled,'’,'’
dissimuling, dissembling,'’
distinxerit, '', [latin]
disturbe, disturb,'’
divin, divine,'’
divini, '', [latin]
doctours, doctors,'’
doe, do,'’
dogge, dog,'’
dogges, dogs,'’
dolefull, doleful,'’
dolphine, dolphin,'’
domain,'’,'’
domus, '', [latin]
doore, door,'’
doores, doors,'’
dore⁠, '', [french]
dores, doors,'’
doubtfull, doubtful,'’
doubtlesse, doubtless,'’
downe, down,'’
downeward, downward,'’
Dr,'’,'’
dramatis, '', [latin]
dranke, drank,'’
dreadfull, dreadful,'’
dreame, dream,'’
dreamest,'’,'’
dresse, dress,'’
drinke, drink,'’
drinketh,'’,'’
drolatiques, '', [french]
droppe, drop,'’
drowsie, drowsy,'’
drummes, drums,'’
drunke, drunk,'’
ducis, '', [latin]
dulle, dull,'’
dunge, dung,'’
durty, dirty,'’
dwel, dwell,'’
dwelleth,'’,'’
eare, ear,'’
eares, ears,'’
earle, earl,'’
earneth,'’,'’
easie, easy,'’
eate, eat,'’
eateth,'’,'’
ebook,'’,'’
ebooks,'’,'’
ecce, '', [latin]
eftsoone,'’,'’
eftsoones,'’,'’
egge, egg,'’
Egin,'’,'’
ego, '', [latin]
Egremont,'’,'’
Egypptian, Egyptian,'’
Egyptian, '','’
Egyptians, '','’
eies, eyes,'’
ejus, '', [latin]
elderman,'’,'’
Eleusians,'’,'’
Eleusie, Eleusis,'’
Eleusis,'’,'’
Elizabethan,'’,'’
elocutio, '', [latin]
emboughings,'’,'’
embracest,'’,'’
ementita, '', [latin]
emperour, emperor,'’
emperours, emperors,'’
empoysoned, empoisoned,'’
emptie, empty,'’
en, '', [french]
en, '', [latin]
enchantresse, enchantress,'’
enchauntresse, enchantress,'’
encountereth,'’,'’
encountreth,'’,'’
encrease, increase,'’
encreased, increased,'’
encroch, encroach,'’
endevored, endeavored,'’
enemie, enemy,'’
enfastned, enfastened,'’
enforceth,'’,'’
England,'’,'’
English,'’,'’
english,'’,'’
Englishman,'’,'’
engraven,'’,'’
entangleth,'’,'’
enterlaced, interlaced,'’
enterprised,'’,'’
entertaine, entertain,'’
enterynge, entering,'’
entrailes, entrails,'’
entred, entered,'’
entrie, entry,'’
entring, entering,'’
envie, envy,'’
environest,'’,'’
eocuunt, '', [latin]
Epheseus, '',[character] cook
Ephesus,'’,city in Greece
Ephire, Epirus,'’
equall, equal,'’
equitie, equity,'’
equo, '', [latin]
ereading,'’,'’
Eridan,'’,'’
errour, error,'’
Esculapius, Asclepius,'’
espie, espy,'’
espieth,'’,'’
espyed, espied,'’
espyeth,'’,'’
esse, '', [latin]
esteeme, esteem,'’
estur, '', [latin]
et, '', [french]
et, '', [latin]
Eteocles,'’,'’
eternall, eternal,'’
Ethiopians,'’,'’
etiam, '', [latin]
Etolia,'’,'’
Euboea,'’,'’
eulx, '', [french]
eunuches, eunuchs,'’
Europa,'’,'’
ever-present,'’,'’
everie, every,'’
evil-favoured,'’,'’
evill, evil,'’
excell, excel,'’
excellencie, excellency,'’
excusation,'’,'’
expell, expel,'’
expresse, express,'’
expugnandum, '', [latin]
extendeth,'’,'’
extorta, '', [latin]
extream, extreme,'’
extreame, extreme,'’
extreamely, extremely,'’
eys, eyes,'’
eyther, either,'’
faciliores, '', [latin]
facilitie, facility,'’
facill, facile,'’
faenum, '', [french]
faile, fail,'’
fained, feigned,'’
faineth,'’,'’
faining, feigning,'’
faintnesse, faintness,'’
faire, fair,'’
faireth,'’,'’
fairnesse, fairness,'’
faithfull, faithful,'’
faithfulnes, faithfulness,'’
fallets,'’, [neologism] veggies
falsly, falsely,'’
fancie, fancy,'’
fancieth,'’,'’
fantasie, fantasy,'’
far-seen,'’,'’
fardels,'’, fourths
fareth,'’,'’
farre, far,'’
fasceola, '', [latin]
fatall, fatal,'’
Faustinus,'’,'’
favourable,'’,'’
favoureth,'’,'’
favourite,'’,'’
feare, fear,'’
fearefull, fearful,'’
fearest,'’,'’
feareth,'’,'’
fearfull, fearful,'’
fedde, fed,'’
feedest,'’,'’
feele, feel,'’
feete, feet,'’
feined, feigned,'’
feining, feigning,'’
feiry, fiery,'’
fel, fell,'’
felicitie, felicity,'’
fellony, felony,'’
fellow-student,'’,'’
fellowes, fellows,'’
ferarum, '', [latin]
ferriman, ferryman,'’
fertill, fertile,'’
festivall, festival,'’
fetore, '', [latin]
fig-tree,fig tree,'’
filthinesse, filthiness,'’
finde, find,'’
finely, finally,'’
firie, feiry,'’
firmely, firmly,'’
Fitzwalter,'’,'’
flamy,'’, firelike
flead, flayed,'’
flie, fly,'’
flintes, flints,'’
Floridorum,'’,'’
floridorum, '', [latin]
floure, flower,'’
floures, flowers,'’
flower, flour,'’
flowne, flown,'’
flowre, flower,'’
flowrishing, flourishing,'’
flowte, flout,'’
flyes, flies,'’
foenum, '', [latin]
folde, fold,'’
followeth,'’,'’
foming, foaming,'’
foole, fool,'’
fooles, fools,'’
foote, foot,'’
forbeare, forbear,'’
forceth,'’,'’
forefeete, forefeet,'’
foreshew, foreshow,'’
foreshewing, foreshowing,'’
forraigne, foreign,'’
forrein, foreign,'’
forrest, forest,'’
forrests, forests,'’
forsooke, forsook,'’
fortun, fortune,'’
fortuneth,'’,'’
forty-eighth,'’,'’
forty-fifth,'’,'’
forty-first,'’,'’
forty-fourth,'’,'’
forty-second,'’,'’
forty-seventh,'’,'’
forty-sixth,'’,'’
forty-third,'’,'’
Fotis,'’,'’
foules, fouls,'’
fountaine, fountain,'’
fountaines, fountains,'’
foure, four,'’
fraile, frail,'’
France,'’,'’
franckly, frankly,'’
franke, frank,'’
French,'’,'’
Frenchman,'’,'’
Frenchman's,'’,'’
fresh-minted,'’,'’
Fronto,'’,'’
fruitfull, fruitful,'’
funerall, funeral,'’
futurum, '', [latin]
gaine, gain,'’
gainest,'’,'’
gallowes, gallows,'’
Ganimedes, Ganimede,'’
gaole, gaol,'’
gard, guard,'’
garnisht, garnished,'’
gayne, gain,'’
Gemini,'’,'’
gemmes, gems,'’
genealogie, genealogy,'’
generall, general,'’
gentlemans, gentleman's,'’
gentlenesse, gentleness,'’
George,'’,'’
Georges,'’,'’
Gerion, Geryon,'’
germinent, '', [latin]
getteth,'’,'’
Getulia,'’,'’
Getulian,'’,'’
ghests, guests,'’
ghoasts, ghosts,'’
girle, girl,'’
givest,'’,'’
giveth,'’,'’
gladnesse, gladness,'’
glasse, glass,'’
glebosa, '', [latin]
glewed, glued,'’
glistereth,'’,'’
goates, goats,'’
goddes, goddess,'’
goddesse, goddess,'’
goe, go,'’
goest,'’,'’
goeth,'’,'’
golden, '', [latin]
golfe, gulf,'’
gon, gone,'’
goodnesse, goodness,'’
gorgiously, gorgeously,'’
Goudy,'’,'’
governesse, governess,'’
governest,'’,'’
graine, grain,'’
graines, grains,'’
grand, '', [french]
grasse, grass,'’
gratious, gracious,'’
gravitie, gravity,'’
greate, great,'’
Grecia, Greece,'’
grecia, '', [latin]
Grecian,'’,'’
Grecians, '','’
gree,'’, combat superiority
Greece,'’,'’
greedie, greedy,'’
greedinesse, greediness,'’
Greek,'’,'’
Greeks,'’,'’
greene, green,'’
grey hounds, greyhounds,'’
griefe, grief,'’
griefes, griefs,'’
griphons, griffens,'’
grosse, gross,'’
Guillaume,'’,'’
gulfe, gulf,'’
gumme, gum,'’
gummes, gums,'’
Gutenberg,'’,'’
gyants, giants,'’
Gyndos,'’,'’
habite, habit,'’
haec, '', [latin]
hagges, hags,'’
haile, hail,'’
haire, hair,'’
haires, hairs,'’
halfe, half,'’
halfepence, halfpence,'’
halfepenny,'’,'’
handes, hands,'’
hapned, happened,'’
hapneth, happeneth,'’
happeneth,'’,'’
harken, hearken,'’
harme, harm,'’
harmes, harms,'’
harnesse, harness,'’
harpe, harp,'’
hast, haste,'’
hastely, hastily,'’
hastilie, hastily,'’
hastinesse, hastiness,'’
hateth,'’,'’
haveing, having,'’
hawkes, hawks,'’
hayre, hair,'’
heale, heal,'’
healthfull, healthful,'’
heape, heap,'’
hearbes, herbes,'’
hearbs, herbs,'’
heardsman, herdsman,'’
heare, hear,'’
hearest,'’,'’
heareth,'’,'’
heate, heat,'’
heaven, '','’
Hecades, Hecate,'’
Hecate,'’,'’
hee, he,'’
heede, heed,'’
heele, heel,'’
heeles, heels,'’
heere, here,'’
heire, heir,'’
hel, hell,'’
Hell,'’,'’
helpe, help,'’
helpest,'’,'’
Hemes, Hemus, publisher error
Hemus,'’,[character] thief alias
hennes, hens,'’
Henry,'’,'’
herbe, herb,'’
herbes, herbs,'’
Hercules,'’,'’
hereon,'’, on this place
Hermagoras,'’,'’
hero's,'’,'’
Herodotus,'’,'’
hew, hue,'’
heynous, heinous,'’
Heywood,'’,'’
hiew, hue,'’
high way, highway,'’
high-house,'’,'’
high-shoes,'’,'’
high-shooes, high-shoes,'’
high-sounding,'’,'’
hilles, hills,'’
hils, hills,'’
himselfe, himself,'’
hind,'’, red doe
hinde, hind,'’
Hipata,Hypata,'’
Hipate,Hypata,'’
Hypata, '', town now called Ypati
Hiperborian, Hyperborian,'’
Hipparchus,'’,'’
Hippata,'’, place in Greece
Hipponoe, '',goddess aka Nereus
hisse, hiss,'’
historie, history,'’
hoare, hoar,'’
Hoe, ho,'’
hogge, hog,'’
holdeth,'’,'’
Holland,'’,'’
Homer,'’,'’
homine, '', [latin]
hominem, '', [latin]
honney, honey,'’
honourably, honorably,'’
hony, honey,'’
hoofe, hoof,'’
hoofes, hooves,'’
hookes, hooks,'’
hopest,'’,'’
hopeth,'’,'’
hore-frost, hoarfrost,'’
horne, horn,'’
hornes, horns,'’
horsebacke, horseback,'’
horsekeeper,'’,'’
horsemills, horse mills, from wiki
hory, horry,'’
hostesse, hostess,'’
houre, hour,'’
houres, hours,'’
howlings,'’,'’
humilitie, humility,'’
hundreths, hundredths,'’
hurle, hurl,'’
Hymeneus,'’,'’
Hymettus,'’,'’
Hyppanius, '',[character] chamberlain
Hyppodame, Hippodamia,'’
I,'’,'’
Icarus,'’,'’
Idea,'’,'’
idley, idly,'’
ignoras, '', [latin]
Ihones,'’,'’
ihr, '', [german]
ile, isle,'’
ill favoured, ill-favored,'’
ill-favoured,'’,'’
ille, '', [latin]
imagin, imagine,'’
imbrace, embrace,'’
imbraced, embraced,'’
imbracing, embracing,'’
immediatelie, immediately,'’
immediatly, immediately,'’
immortall, immortal,'’
impatiencie, impatience,'’
impatiency, impatience,'’
importunitie, importunity,'’
impoysoned, empoisoned,'’
in, '', [latin]
Inachus,'’,'’
inchanted, enchanted,'’
inchantment, enchantment,'’
inchantments, enchantments,'’
inchauntments, enchantments,'’
inconcinne, '', [latin]
incondite, '', [latin]
incorporeall, incorporeal,'’
incouraged, encouraged,'’
incurre, incur,'’
indeavour, endeavour,'’
indeavoured, endeavoured,'’
indeavouring, endeavouring,'’
Indian,'’,'’
Indians,'’,'’
indued, endued, endowed
indurance, endurance,'’
inequitabat, '', [latin]
infernall, infernal,'’
inforce, enforce,'’
inforced, enforced,'’
ingender, engender,'’
ingendered, engendered,'’
ingestis, '', [latin]
ingraven, engraven,'’
ingrossed, engrossed,'’
inhabitest,'’,'’
inhabiteth,'’,'’
inheretrix, inheritrix,'’
inheritour, inheritor,'’
initiall, initial,'’
inke, ink,'’
inne, inn,'’
innocencie, innocence,'’
inopinata, '', [latin]
insolencie, insolency,'’
insolency,'’,'’
insolitum, '', [latin]
insperata, '', [latin]
inspiration1, inspirationa1,'’
intangled, entangled,'’
intangleth, entangleth,'’
intempesta, '', [latin]
intend, '', [latin]
intende, intend,'’
intendeth,'’,'’
interiour, interior,'’
internet,'’,'’
intersparsed, interspersed,'’
intised, enticed,'’
intrailes, entrailes,'’
intrals, entrails,'’
intreat, entreat,'’
intreate, intreat,'’
inventeth,'’,'’
invigilant, unvigilant,'’
invironed, environed,'’
Iolianus,'’,'’
Ionia,'’,'’
Iphigenia,'’,'’
Isis,'’,'’
Isthmia,'’,'’
isto, '', [latin]
istum, '', [latin]
Italy,'’,'’
iustice, justice,'’
ivie, ivy,'’
jack-in-office,'’,'’
Jacques,'’,'’
jacques, '', [french]
jam, '', [latin]
January,'’,'’
javelings, javelins,'’
jawes, jaws,'’
jealousie, jealousy,'’
jeast, jest,'’
jeasts, jests,'’
jenets, jennets,'’
Johnson,'’,'’
jolity, jollity,'’
jote, jot, the least bit
journey-work, journeywork,'’
journies, journeys,'’
journy, journey,'’
Jove,'’,'’
joye, joy,'’
joyes, joys,'’
joyfull, joyful,'’
joyned, joined,'’
jubaris, '', [latin]
jubulis, '', [latin]
jugler, juggler,'’
Julia,'’,'’
July,'’,'’
junkets,'’, sweets
Juno,'’,'’
Jupiter,'’,'’
kackling, cackling,'’
keene, keen,'’
keepe, keep,'’
keepest,'’,'’
keepeth,'’,'’
keyes, keyes,'’
kicke, kick,'’
kiddes, kids,'’
kild, killed,'’
kinde, kind,'’
kindes, kinds,'’
kindnesse, kindness,'’
kinne, kin,'’
kinsfolke, kinsfolk,'’
kirnels, kernels,'’
kisse, kiss,'’
kisseth,'’,'’
kitchin, kitchen,'’
kitish,'’,'’
knocke, knock,'’
knockt, knocked,'’
knowest,'’,'’
knoweth,'’,'’
knowne, known,'’
knowst,'’,'’
krippins,'’, [neologism] crippe
la, '', [french]
laboureur, '', [latin]
Lacedemon,'’,'’
lacertum, '', [latin]
laciniam, '', [latin]
lacinias, '', [latin]
lacke, lack,'’
lacketh,'’,'’
ladde, lad,'’
laetaberis, '', [latin]
laiden, laden,'’
Lamathus,'’,'’
lambe, lamb,'’
lamenesse, lameness,'’
lampe, lamp,'’
lancknesse, lankness,'’
lanternes, lanterns,'’
Lapithes, 'Lapiths','’
laqueo, '', [latin]
Larissa,'’,'’
laske,'’, diarrhea
lasne, '', [french]
lassititdo, '', [latin]
Latin,'’,'’
latin,'’,'’
Latine,'’,'’
laugheth,'’,'’
lawfull, lawful,'’
lawlesse, lawless,'’
lawne, lawn,'’
lawrel, laurel,'’
lawrell, laurel,'’
layd, laid,'’
layeth,'’,'’
le, '', [french]
lead, led,'’
leade, lead,'’
leape, leap,'’
learne, learn,'’
leasings,'’, lies
lector, '', [latin]
leese, lose,'’
leg-harness,'’,'’
legge-harnesse, leg-harness,'’
legges, legs,'’
Lepolemus,'’,'’
les, '', [french]
lesse, less,'’
Lethe, '', hellish river
leysure, leisure,'’
libell, libel,'’
liberall, liberal,'’
libre,'’,'’
licence,'’,'’
lieth,'’,'’
lievtenant, lieutenant,'’
life time, lifetime,'’
likenesse, likeness,'’
lilly, lily,'’
limbes, limbs,'’
lincked,'’,'’
linkes, links,'’
linnen, linen,'’
lintles, lintels,'’
littor, litter,'’
littour, litter,'’
liveth,'’,'’
loade, load,'’
loathsom, loathsome,'’
locke, lock,'’
lockes, locks,'’
locketh,'’,'’
loeta, '', [latin]
logicke, logic,'’
loked, looked,'’
London,'’,'’
long-forgotten,'’,'’
long-sought,'’,'’
longe, '', [latin]
looke, look,'’
losse, loss,'’
lotts, lots,'’
loveth,'’,'’
lowd, loud,'’
loynes, loins,'’
Lucian,'’,'’
Lucian's,'’,'’
luciarfs, '', [german]
Lucii,'’,'’
lucii, '', [latin]
Lucina,'’,'’
lucious, lucius,'’
Lucius,'’,'’
lucius, '', [french]
lucius, '', [german]
lucius, '', [latin]
lucke, lucke,'’
luctuarem, '', [latin]
luskish,'’,'’
luxurie, luxury,'’
lycense, license,'’
Lydians,'’,'’
Lyons,'’,'’
Macedonia,'’,'’
Macedonie, Macedonia,'’
Macedony, Macedonia,'’
Madaura,'’,'’
Madaurence, Madauros,city in Nimidia
madde, mad,'’
madest,'’,'’
madnesse, madness,'’
Madura,'’,'’
magia, '', [latin]
magicall, magical,'’
magick, magic,'’
magicmonger,'’,'’
magitian, magician,'’
magnificencie, magnificence,'’
maide, maid,'’
maine, main,'’
maintaine, maintain,'’
maisters, masters,'’
maistresse, mistress,'’
majores, '', [latin]
maketh,'’,'’
maladie, malady,'’
malitious, malicious,'’
Mallarmé, '',French poet
malum, '', [latin]
manie, many,'’
mankinde, mankind,'’
manuell, manual,'’
many-coloured,'’,'’
Marcellus,'’,'’
marchant, merchant,'’
marchants, merchants,'’
marke, mark,'’
marry,'’, [interject] indeed
marryed, married,'’
martiall, martial,'’
marvaile, marvel,'’
marvailed, marveled,'’
marvailous, marvelous,'’
marveilously, marvelously,'’
marvell, marvel,'’
marvellously, marvelously,'’
Mary,'’,'’
mary, marry, misspelling
masties,'’,'’
mastifes, mastiffs,'’
mater, '', [latin]
materiall, material,'’
Mather,'’,'’
mattens, mattins, morning prayer
maunger, manger,'’
maurell, mantle,'’
Maximus,'’,'’
mayd, maid,'’
mayden, maiden,'’
mayst,'’, may
me, '', [french]
me, '', [latin]
meane, mean,'’
meanely, meanly,'’
meanes, means,'’
meaneth,'’,'’
meate, meat,'’
meates, meats,'’
meddowes, meadows,'’
meddows, meadows,'’
Medea,'’,'’
medled, meddled,'’
medow, meadow,'’
mee, me,'’
meeke, meek,'’
meere, mere,'’
meigre, meager,'’
Meleager,'’,'’
memorie, memory,'’
Memphis,'’,'’
mens, men's,'’
meo, '', [latin]
mercifull, merciful,'’
Mercurie, Mercury, god
Mercurius, Mercury,god
Mercury,'’,god
merite, merit,'’
Meroe,'’,[character] witch
metadata,'’,'’
Metamorphosen, '', [german]
Metamorphoses,'’, original book name
Metamorphosie, '', [latin]
mettal, metal,'’
meus, '', [latin]
Michel,'’,French translator
Midas,'’, mythical
middest,'’,'’
mightest,'’,'’
mightie, mighty,'’
Milesian,'’,'’
Milesius, '', [latin]
Milet,'’,'’
milhouse, millhouse,'’
milke, milk,'’
Milo,'’,'’
milo, '', [french]
Milo's,'’,'’
Miloes, Miloe's,'’
minde, mind,'’
mindes, minds,'’
mindeth,'’,'’
mindfull, mindful,'’
Minerva,'’,'’
ministery, ministry,'’
ministred, ministered,'’
ministrie, ministry,'’
ministring, ministering,'’
mischiefe, mischief,'’
mischiefes, mischiefs,'’
miserablest,'’,'’
miserie, misery,'’
mistery, mystery,'’
mistres, mistress,'’
mistresse, mistress,'’
mistris, mistress,'’
mistrusteth,'’,'’
Mitilius, '',[character] muleteer
mocke, mock,'’
mollifie, mollify,'’
mon, '', [french]
monished,'’,'’
Mont,'’,'’
moone, moon,'’
moove, move,'’
mooved, moved,'’
morality,'’,'’
morsell, morsel,'’
mortall, mortal,'’
mosse, moss,'’
mountaine, mountain,'’
mountaines, mountains,'’
mouthes, mouths,'’
moystened, moistened,'’
Mr,'’,'’
Mrs,'’,'’
mulettour, muleteer,'’
murdereth,'’,'’
murdred, murdered,'’
murtherer, murderer,'’
murtherers, murderers,'’
murthereth, murders,'’
Muse, '','’
Muses,'’,'’
mutuall, mutual,'’
Mydas, Midas,'’
myne, mine,'’
myrie, miry,'’
Myrmex,'’,[character]
Myrrhena,'’,[character]
myselfe, myself,'’
mysterie, mystery,'’
mysticall, mystical,'’
Mythra,'’,'’
Nabuchadnezzar, Nebuchadnezzar,'’
naile, nail,'’
nailes, nails,'’
nativitie, nativity,'’
naturall, natural,'’
nayled, nailed,'’
ne, '', [french]
neasts, nests,'’
Nebuchadnezzar,'’,'’
nec, '', [latin]
necessarie, necessary,'’
necke, neck,'’
neckes, necks,'’
needfull, needful,'’
neer, near,'’
neere, near,'’
neerer, nearer,'’
negotiator, '', [latin]
Nereus,'’,'’
neverthelesse, nevertheless,'’
newes, news,'’
Newgate,'’,'’
nexili, '', [latin]
Nicanor,'’,'’
Nichols,'’,'’
niggish,'’,'’
nihil, '', [latin]
Nilus,'’,'’
nimio, '', [latin]
nisi, '', [latin]
nitore, '', [latin]
noating, noting,'’
noir, '', [french]
nomen, '', [latin]
nomine, '', [latin]
nomme, '', [latin]
non, '', [latin]
non-authorship,'’,'’
noone, no one,'’
nops,'’, 'spider?'
Northumberland,'’,'’
nosethrilles, nostrils,'’
nosethrils, nostrils,'’
nosthrils, nostrils,'’
notifie, notify,'’
nource, nurse,'’
nourishest,'’,'’
nourisheth,'’,'’
nourse, nurse,'’
novella, '', [latin]
now a days, nowadays,'’
now adayes, nowadays,'’
now-adayes, nowadays,'’
nox, '', [latin]
noynted, annointed,'’
noyse, noise,'’
noysome, noisome,'’
numbred, numbered,'’
Numidia,'’,'’
Numidian,'’,'’
O, Oh,'’
oake, oak,'’
oathes, oaths,'’
obeied, obeyed,'’
obeysance, obeisance,'’
obsequie, obsequy,'’
obstinatly, obstinately,'’
occupie, occupy,'’
of, '', [latin]
oftetimes, oftentimes,'’
oile, oil,'’
oliphant,'’,'’
oliphante, oliphant,'’
Olympia,'’,'’
omnes, '', [latin]
omniparent,'’,'’
on, '', [french]
onely, only,'’
online,'’,'’
opportunitie, opportunity,'’
orb, '', [latin]
orbe, orb,'’
ordayned, ordained,'’
ordeined, ordained,'’
ordor, order,'’
org,'’,'’
originall, original,'’
ornament?,'’,'’
Osiris,'’,'’
oughtest,'’,'’
ougly, ugly,'’
outragious, outrageous,'’
outwayes, outways,'’
outways,'’,'’
over-passe, over-pass,'’
overtooke, overtook,'’
owle, owl,'’
owles, owls,'’
owne, own,'’
oxe, ox,'’
Oxenford,'’,'’
Oxenforde,'’,'’
oyle, oil,'’
oyles, oils,'’
oyntment, ointment,'’
paces,'’, journeys
pacifie, pacify,'’
pagiant, pageant,'’
paied, paid,'’
paine, pain,'’
painefull, painful,'’
paines, pains,'’
painfull, painful,'’
painte, paint,'’
paire, pair,'’
paistre, '', [french]
Palaestra, '',mythical
Palamedes,'’,'’
Palemon,'’,'’
pallace, palace,'’
Pallas,'’,'’
palme, palm,'’
Pamphile, Pamphiles, ''
Pamphiles, '', [character] witch
Pan,'’,god
panch, paunch,'’
Paniasse,'’,'’
panibus, '', [latin]
Paniscus,'’,'’
Panthia,'’,'’
pantofiles, pantofles,'’
Paphos,'’,'’
par, '', [french]
paracide, parricide,'’
parallels?,'’,'’
parcell, parcel,'’
paricide, parricide,'’
Paris,'’,'’
paris, '', [french]
parler, parlor,'’
Pasiphae,Pasiphaë,mythical
passeth,'’,'’
pasties,'’, empanadas
pathes, paths,'’
patrae, '', [german]
patrimonie, patrimony,'’
patrone, patron,'’
patterne, pattern,'’
payd, paid,'’
paynes, pains,'’
Peale,'’,'’
pearce, pierce,'’
pearles, pearls,'’
peason, peasen,'’
peeces, pieces,'’
Pegasus,'’,'’
penall, penal,'’
pennie, penny,'’
peny, penny,'’
perceiveth,'’,'’
peremptor, '', [latin]
perfectnesse, perfectness,'’
perhappes, perhaps,'’
periles, perils,'’
perill, peril,'’
perilles, perils,'’
perillous, perilous,'’
Perithous, Pirithous,'’
perpetuall, perpetual,'’
persever, persevere,'’
personae, '', [latin]
perspiciens, '', [latin]
persuadeth,'’,'’
perswade, persuade,'’
perswaded, persuaded,'’
perswadeth,'’,'’
perswading, persuading,'’
perswasion, persuasion,'’
pervemunt, '', [latin]
Petronius,'’,'’
Phaeton, '', myth
phaleris, '', [latin]
Pharos, '', place in Egypt
Phelibus, Philebus, publisher error
Philebus, '', checked other edition
Philemon,'’,'’
Philesiterus,'’,'’
Philippe,'’,'’
philippe, '', [french]
Philodespotus,'’,'’
Phineus,'’,'’
phisitian, physician,'’
phisitians, physicians,'’
Phoebus, '',aka Apollo
Photius,'’,'’
Phrygian,'’,'’
Phrygians,'’,'’
Phrysux, Phryxus,'’
Phryxus,'’,mythical
physicke, physic, medicine
physitian, physician,'’
physitians, physicians,'’
physition, physician,'’
picke, pick,'’
pigge, pig,'’
pillowes, pillows,'’
pismares, pismires,'’
pisse, piss,'’
Pithias,'’,'’
pitifull, pitiful,'’
pitiously, piteously,'’
pitteously, piteously,'’
pittied, pitied,'’
pittiful, pitiful,'’
pittifull, pitiful,'’
pittifully, pitifully,'’
pittious, piteous,'’
pittiously, piteously,'’
pitty, pity,'’
plaine, plain,'’
plainely, plainly,'’
plainr, plainer,'’
plane tree,'’, sycamore
Platea,'’,'’
Plato,'’,'’
Platonian,'’,'’
playsters, plasters,'’
pleasantnes, pleasantness,'’
pleasantnesse, pleasantness,'’
pleaseth,'’,'’
Pleasure,'’,'’
plentifull, plentiful,'’
Plinie, Pliny,'’
Plutarch,'’,'’
Pluto,'’,'’
plyed, plied,'’
poculis, '', [latin]
Pollus, Pollux,'’
Pollux,'’,'’
pompe, pomp,'’
poore, poor,'’
poorely, poorly,'’
Portunus,'’,'’
possessd, possessed,'’
possesse, possess,'’
possessoris, '', [latin]
potatur, '', [latin]
potuit, '', [latin]
povertie, poverty,'’
poynt, point,'’
poyson, poison,'’
poysoned, poisoned,'’
poysonous, poisonous,'’
praier, prayer,'’
praiers, prayers,'’
prandere, '', [latin]
prankes, pranks,'’
pratling, prattling,'’
prayeth,'’,'’
prayse, praise,'’
prease, press,'’
preferre, prefer,'’
presse, press,'’
presumest,'’,'’
pretious, precious,'’
pretiously, preciously,'’
prettie, pretty,'’
prevaile, prevail,'’
prevayled, prevailed,'’
preyes, prize,'’
pricke, prick,'’
principall, principal,'’
principallest, principalest,'’
privitie, privity,'’
pro, '', [latin]
processe, process,'’
profer, proffer,'’
profered, proffered,'’
professe, profess,'’
profite, profit,'’
progenies, progenies','’
Progne,Procne,myth
promoveref, '', [latin]
proofe, proof,'’
proofes, proofs,'’
proove, prove,'’
prophecier, prophesier,'’
prophesie, prophesy,'’
proscindunt, '', [latin]
prose?,'’,'’
Proserpina,'’,'’
prostrat, prostrate,'’
provecta, '', [latin]
proverbe, proverb,'’
providest,'’,'’
provinciall, provincial,'’
provised, prevised, foresaw
prowesse, prowess,'’
prudency,'’,'’
Prudentila,'’,'’
pryed, pried,'’
pryntinge, printing,'’
Psyche,'’,'’
Psyche's,'’,'’
Psyches, 'Psyche','’
publike, public,'’
publique, public,'’
puella, '', [latin]
puelli, '', [latin]
puer, '', [latin]
pulmentis, '', [latin]
punicantibus, '', [latin]
purchaseth,'’,'’
purifie, purify,'’
purism,'’,'’
pursueth,'’,'’
pursuite, pursuit,'’
puttest,'’,'’
Pythagoras,'’,'’
Pythias,'’,'’
quaile, quail,'’
quandam, '', [latin]
quatiens, '', [latin]
quayle, quail,'’
queane, queen,'’
queene, queen,'’
quelque, '', [french]
quencht, quenched,'’
quicke, quick,'’
quicknes, quickness,'’
quidam, '', [latin]
quietnesse, quietness,'’
quinquenuall, quinquennial,'’
quod, '', [latin]
quorsum, '', [latin]
Rabelais,'’,'’
racke, rack,'’
raigneth,'’,'’
raigning, reigning,'’
raile, rail,'’
raine, rain,'’
ranne, ran,'’
ransackt, ransacked,'’
ransome, ransom,'’
ratled, rattled,'’
ratling, rattling,'’
rayled, railed,'’
rayment, raiment,'’
reade, read,'’
readie, ready,'’
realmes, realms,'’
reape, reap,'’
reapse,'’,'’
reapse, '', [latin]
reasone, reason,'’
recevyd, received,'’
reckened, reckoned,'’
reclaime, reclaim,'’
recompence,'’,'’
redeeme, redeem,'’
redresse, redress,'’
refraind, refrained,'’
refraine, refrain,'’
refusall, refusal,'’
regall, regal,'’
regarde, regard,'’
Reginald,'’,'’
registred, registered,'’
reigneth,'’,'’
rejoiceth,'’,'’
rejoyce, rejoice,'’
rejoyced, rejoiced,'’
rejoycing, rejoicing,'’
relata, '', [latin]
reliefe, relief,'’
relikes, relics,'’
reliks, relics,'’
reliques, relics,'’
remaine, remain,'’
remedie, remedy,'’
remembred, remembered,'’
remembring, remembering,'’
remisse, remiss,'’
remoove, remove,'’
remooved, removed,'’
renderings,'’,'’
rendred, rendered,'’
rendring, rendering,'’
renowne, renown,'’
repaire, repair,'’
repente, repent,'’
repenteth,'’,'’
represse, repress,'’
reproachfull, reproachful,'’
requireth,'’,'’
resembleth,'’,'’
resemling, resembling,'’
respit, respite,'’
resteth,'’,'’
restlesse, restless,'’
restraine, restrain,'’
restrainest,'’,'’
retaine, retain,'’
retaineth,'’,'’
returne, return,'’
returneth,'’,'’
retyre, retire,'’
reveale, reveal,'’
rhythm,'’,'’
rich, '', [latin]
Richard,'’,'’
riche, rich,'’
ridde, rid,'’
ripenesse, ripeness,'’
Risus, '',god of laughter
road, rode,'’
roade, road,'’
rocke, rock,'’
rockes, rocks,'’
Rohde, '',German writer
Roman,'’,'’
Romane, Roman,'’
Romans, '','’
Rome,'’,'’
roofe, roof,'’
roome, room,'’
roote, root,'’
roperipe,'’,'’
roseum, '', [latin]
rosie, rosy,'’
Roxburghe,'’,'’
royall, royal,'’
royster, roister, reveler
rubbell, rubble,'’
rue, '', [french]
ruggednesse, ruggedness,'’
ruine, ruin,'’
runne, run,'’
runnest,'’,'’
runneth,'’,'’
russea, '', [latin]
rusticall, rustical,'’
rusticke, rustic,'’
ryot, riot,'’
Sabod,'’,'’
sacke, sack,'’
sackes, sacks,'’
Sadness,'’,'’
sadnesse, sadness,'’
saile, sail,'’
saist,'’,'’
Salita,'’,'’
salitary, salutary,'’
sallet,'’, helmet
Salvia, '', mom of Lucius
Samos,'’,'’
sappe, sap,'’
sarces,'’, leather for sifting
sarcinam, '', [latin]
Saronicum,'’,'’
sata, '', [latin]
Satirus, Satyrus,'’
satisfie, satisfy,'’
savatier, '', [french]
sawce, sauce,'’
sayd, said,'’
sayth, saith,'’
scarre, scar,'’
scarse, scarce,'’
scene, seen,'’
scholler, scholar,'’
schoole, school,'’
schoolemaster, schoolmaster,'’
schrift, '', [german]
scituation, situation,'’
scorne, scorn,'’
Scorpion,'’,'’
scortch, scorch,'’
scot-free,'’,'’
scoure, scour,'’
scowre, scour,'’
scowred, scoured,'’
scurfe, scurf,'’
Scythes,'’,'’
se, '', [latin]
sea cost, seacoast,'’
seale, seal,'’
searcheth,'’,'’
seargants, sergeants,'’
seate, seat,'’
seaven, seven,'’
sed, '', [latin]
seede, seed,'’
seeke, seek,'’
seeme, seem,'’
seemedst,'’,'’
seemely, seemly,'’
seemest,'’,'’
seemeth,'’,'’
seene, seen,'’
seest,'’,'’
seeth,'’,'’
seldome, seldom,'’
selfe, self,'’
seller, cellar,'’
senatours, senators,'’
sence, sense,'’
sences, senses,'’
sensuall, sensual,'’
sentiebam, '', [latin]
September,'’,'’
Serapis,'’, egyptian snake god
sermo, '', [latin]
servil, servile,'’
serving-maid,'’,'’
servingmaid,serving-maid,'’
servingmaids, serving-maids,'’
servo, '', [latin]
setteth,'’,'’
Sextus,'’,'’
shaked,'’,'’
shal, shall,'’
shamefastnes, shamefacedness,'’
shamefastness,'’,'’
shamefastnesse, shamefacedness,'’
sharpe, sharp,'’
sharpely, sharply,'’
sheafes, sheaves,'’
shee, she,'’
sheep-coats, sheepcotes,'’
sheepe, sheep,'’
sheepehooke, sheepehook,'’
sheepheard, shepherd,'’
sheephook,'’,'’
sheffes, sheafs,'’
shepheard, shepherd,'’
shepheards, shepherds,'’
shineth,'’,'’
shippe, ship,'’
shirked,'’,'’
shold, should,'’
sholders, shoulders,'’
shooes, shoes,'’
shorne, shorn,'’
shortned, shortened,'’
shoulde, should,'’
showes, shows,'’
showeth,'’,'’
showt, shout,'’
shunne, shun,'’
shutte, shut,'’
si, '', [latin]
sic, '', [latin]
Sicilians,'’,'’
Sicilie, Sicily,'’
sicke, sick,'’
sicknesse, sickness,'’
Sidonius,'’,'’
sighes, sighs,'’
signe, sign,'’
signes, signs,'’
signifie, signify,'’
signifieth,'’,'’
signifiing, signifying,'’
silke, silk,'’
Silla,'’,'’
sithes, scythes,'’
sittest,'’,'’
sives, sieves,'’
sixe, six,'’
skarfe, scarf,'’
skie, sky,'’
skinne, skin,'’
skinnes, skins,'’
slacknesse, slackness,'’
slaine, slain,'’
slandred, slandered,'’
slayeth,'’,'’
sleepe, sleep,'’
sleepeth,'’,'’
slendernesse, slenderness,'’
slewest,'’,'’
sley, slay,'’
slipperie, slippery,'’
slothfullnesse, slothfulness,'’
slownesse, slowness,'’
smoake, smoke,'’
smocke, smock,'’
snaile, snail,'’
sneesed, sneezed,'’
sneesing, sneezing,'’
so-called,'’,'’
Sobriety,'’, goddess Sophrosyne
Socrates,'’,[character] also philosopher
Socratis, '', [latin]
sodaine, sudden,'’
sodainely, suddenly,'’
sodainly, suddenly,'’
soiles, soils,'’
solemne, solemn,'’
solempne, solemn,'’
solempnity, solemnity,'’
solitarinesse, solitariness,'’
solo, '', [latin]
solus, '', [latin]
some body, somebody,'’
some thing, something,'’
somtime, sometime,'’
somwhat, somewhat,'’
sonne, son,'’
sonnes, sons,'’
soone, soon,'’
sorcerie, sorcery,'’
sorrie, sorry,'’
Sorrow,'’,'’
sorrowes, sorrows,'’
sorrowfull, sorrowful,'’
souffrir, '', [french]
sould, sold,'’
soulde, sold,'’
souldier, soldier,'’
souldiers, soldiers,'’
soule, soul,'’
soules, souls,'’
soveraign, sovereign,'’
soveraigne, sovereign,'’
sowe, sow,'’
sowen, sewn,'’
soweth,'’,'’
sowne, 'sown','’
sowne, 'sewn','’
sowre, sour,'’
soyle, soil,'’
Spain,'’,'’
Spanish,'’,'’
sparckled, sparkled,'’
sparrowes, sparrows,'’
sparsed,'’,'’
Sparta,'’,'’
Spartan, '','’
speake, speak,'’
speare, spear,'’
speares, spears,'’
speciall, special,'’
specially,'’,'’
spirite, spirit,'’
spirites, spirits,'’
spirituall, spiritual,'’
spitefull, spiteful,'’
spowse, spouse,'’
spoyl, spoil,'’
spoyle, spoil,'’
spoyled, spoiled,'’
spred, spread,'’
sprichwort, '', [german]
spring time, springtime,'’
sprots, sprats,'’
spurne, spurn,'’
St,'’,'’
st., '', [french]
staffe, staff,'’
staied, stayed,'’
staires, stairs,'’
stale, stole,'’
stalest, stealest,'’
standardebooks,'’,'’
standers by, standers-by,'’
standest,'’,'’
standeth,'’,'’
starke, stark,'’
starres, stars,'’
statim, '', [latin]
steale, steal,'’
sterill, sterile,'’
steven,'’,'’
sticke, stick,'’
stiffle, stifle,'’
stiffle, stifle,'’
stil, still,'’
stinke, stink,'’
stirre, stir,'’
Stix, Styx,'’
stocke, stock,'’
stole,'’, clerical scarf
stomacke, stomach,'’
stomackes, stomachs,'’
stombled, stumbled,'’
stonie, stony,'’
stoole, stool,'’
stoppe, stop,'’
storme, storm,'’
stormes, storms,'’
straie, stray,'’
streame, stream,'’
streames, streams,'’
streate, street,'’
streete, street,'’
streetes, streets,'’
streined, strained,'’
strid,'’,'’
striken, stricken,'’
stroken, stricken,'’
strooke, struck,'’
strucken, stricken,'’
stuffe, stuff,'’
Styx,'’,'’
Stéphane, '',French poet
suadente, '', [latin]
subterene, subterrene,'’
subterrene,'’,'’
subtleity, subtlety,'’
subtlel, subtle,'’
subtlenesse, subtleness,'’
successe, success,'’
successours, successors,'’
succorest,'’,'’
suddaine, sudden,'’
suddainly, suddenly,'’
suffereth,'’,'’
sufficeth,'’,'’
sufficiens, '', [french]
summatim, '', [latin]
summe, sum,'’
summes, sums,'’
sunne, sun,'’
suos, '', [latin]
superiour, superior,'’
supernall, supernal,'’
suppe, sup,'’
suppresse, suppress,'’
surplesses, surplices,'’
suspendam, '', [latin]
suspition, suspicion,'’
Sussex,'’,'’
sustaine, sustain,'’
susteined, sustain,'’
swathell,'’,bandage
sweare, swear,'’
sweate, sweat,'’
sweete, sweet,'’
sweetnesse, sweetness,'’
swel, swell,'’
swiftnesse, swiftness,'’
sybel, sibyl,'’
Syphax,'’,'’
syrens, sirens,'’
Siria, Syria, goddess Atargatis
Syria,'’, goddess Atargatis
Syrian,'’,from country Syria 
taile, tail,'’
tailes, tails,'’
takest,'’,'’
talke, talk,'’
tamen, '', [latin]
Tantalus,'’,myth
tardity,'’,'’
taried, tarried,'’
taske, task,'’
tast, taste,'’
tautre, '', [french]
taverniere, '', [french]
tayle, tail,'’
teare, tear,'’
teares, tears,'’
tearm, term,'’
temperat, temperate,'’
Tenaros, '',place in Greece
Tenarus, '',underworld entry
tendeth,'’,'’
tenne, ten,'’
Tereus,'’,'’
terme, term,'’
terram, '', [latin]
terren, terrene,'’
terrour, terror,'’
teste, '', [latin]
testifie, testify,'’
testimonie, testimony,'’
thanke, thank,'’
thankes, thanks,'’
Thattus,'’, witness against Apuleius
the, '', [latin]
Thebans,'’,'’
Thebes,'’,'’
theefe, thief,'’
theeves, thieves,'’
Thelyphron,'’,'’
then, than, '[context]'
therewithall, therewithal,'’
therfore, therefore,'’
therin, therein,'’
therof, thereof,'’
Theron,'’,'’
theron, thereon,'’
therwithall, therewithal,'’
Theseus,'’,'’
Thessalian,'’,'’
Thessaly, '',region of Greece
theves, thieves,'’
Thiasus,'’,'’
thicke, thick,'’
Thiestes,Thiestes,from Euripides
thinke, think,'’
thinkest,'’,'’
thinketh,'’,'’
thirty-eighth,'’,'’
thirty-fifth,'’,'’
thirty-first,'’,'’
thirty-fourth,'’,'’
thirty-ninth,'’,'’
thirty-second,'’,'’
thirty-seventh,'’,'’
thirty-sixth,'’,'’
thirty-third,'’,'’
Thomas,'’,'’
thornes, thorns,'’
thorow, through,'’
Thrace,'’,'’
Thracia,'’,'’
thracia, '', [latin]
Thracian,'’,'’
Thrasileon,'’,'’
Thrasillus,'’,'’
threatenings,'’,'’
threatned, threatened,'’
threatning, threatening,'’
threatnings, threatenings,'’
throwne, thrown,'’
Thucydides,'’,'’
thyne, thine,'’
Tighe,'’,'’
timbrell, timbrel,'’
timbrill, timbrel,'’
tipled, tippled,'’
titlepage,'’,'’
Tom,'’,'’
tombe, tomb,'’
tooke, took,'’
tooles, tools,'’
toppe, top,'’
torne, torn,'’
toucheth,'’,'’
toutfoys, '', [french]
towardes, towards,'’
towne, town,'’
townes, towns,'’
toyes, toys,'’
traffe,'’,'’
traind, trained,'’
traiterous, traitorous,'’
traitour, traitor,'’
transcriber1,'’,'’
transcriber2,'’,'’
transforme, transform,'’
transformeth,'’,'’
transitorie, transitory,'’
translation,'’,'’
trappers,'’, horse ornament
trappes, trapps,'’
travaile, travail,'’
travell, travel,'’
trayterous, traitorous,'’
treadest,'’,'’
treasurie, treasury,'’
treatie, treaty,'’
Trent,'’,'’
triall, trial,'’
trill, '', trickle
trimmely, trimly,'’
Trismegistus,'’,'’
truely, truly,'’
trueth, truth,'’
trumpetters, trumpeters,'’
trunca, '', [latin]
trusse, truss,'’
tryed, tried,'’
Tryton, Triton,'’
Tudor,'’,'’
tune, '', [latin]
turfes, turfs,'’
turnd, turned,'’
turne, turn,'’
turneth,'’,'’
turn��?d, turned,'’
tuskes, tusks,'’
twaine, twain,'’
twaine,'’,'’
twenty-eighth,'’,'’
twenty-fifth,'’,'’
twenty-first,'’,'’
twenty-five,'’,'’
twenty-fourth,'’,'’
twenty-ninth,'’,'’
twenty-second,'’,'’
twenty-seventh,'’,'’
twenty-sixth,'’,'’
twenty-third,'’,'’
twise, twice,'’
twyfold, twofold,'’
tydings, tidings,'’
tyed, tied,'’
ueber, '', [german]
Ulisses, Ulysses,'’
Ulysses, '','’
unapparelled,'’,'’
unarrayed,'’,'’
unattired,'’,'’
unattyred, unattired,'’
unbrast, unbraced, unfastened
unbrideled, unbridled,'’
uncertaine, uncertain,'’
unchast, unchaste,'’
uncopyright,'’,'’
uncourtesy,'’,'’
uncurtesie, uncurtesy,'’
und, '', [german]
undresse, undress,'’
unequall, unequal,'’
unfaithfull, unfaithful,'’
unfruitfull, unfruitful,'’
ung, '', [latin]
unguilty,'’,'’
unheard-of,'’,'’
unitie, unity,'’
universall, universal,'’
unknowne, unknown,'’
unlaste, unlaced,'’
unlawfull, unlawful,'’
unlesse, unless,'’
unlusty,'’,'’
unmeasurably,'’,'’
unneath, uneath, difficult
unneth, uneath, difficult
unperished,'’,'’
unpitiful,'’,'’
unpittifull, unpitiful,'’
unrayed, unarrayed,'’
unsavoury,'’,'’
unskilfully,'’,'’
unspeakeable, unspeakable,'’
untemperance,'’,'’
untill, until,'’
untrammelled,'’,'’
unwares, unawares,'’
useth,'’,'’
usurie, usury,'’
ut, '', [latin]
utricide,'’,'’
vacuum, '', [latin]
vaile, veil,'’
vaine, vain,'’
valiante, valiant,'’
valleyes, valleys,'’
vallies, valleys,'’
vally, valley,'’
vannes, fans,'’
veines, veins,'’
vel, '', [latin]
vend, '', [french]
venim, venom,'’
ventrous, venturous,'’
Venus,'’,'’
venyme, venom,'’
verba, '', [latin]
verberonem, '', [latin]
verely, verily,'’
vergers,'’, staff bearers
verhaeltniss, '', [german]
verie, very,'’
verjuice,'’, unripe fruit juice
versions,'’,'’
vertue, virtue,'’
vertues, virtues,'’
vertuous, virtuous,'’
vessell, vessel,'’
vestiment, vestment,'’
vestiments, vestments,'’
Vestius,'’,'’
viijd,'’,'’
village, '', [latin]
villam, '', [latin]
villany, villainy,'’
virgine,'’,'’
virgine, '', [latin]
visards, vizards,'’
vita, '', [latin]
Vlysses, Ulysses,'’
vniversity, university,'’
voiage, voyage,'’
voide, voide,'’
volunteer-driven,'’,'’
von, '', [german]
voulurent, '', [french]
voyce, voice,'’
voyces, voices,'’
voyd, void,'’
Vulcanus,'’, Vulcan
waies, ways,'’
walke, walk,'’
wals, walls,'’
wanne, wan,'’
wanteth,'’,'’
wantonnesse, wantonness,'’
ware, wore,'’
warne, warn,'’
warre, war,'’
warriours, warriors,'’
washeth,'’,'’
watring, watering,'’
watry, watery,'’
waxe, wax,'’
wayes, ways,'’
weake, weak,'’
weakr, weaker,'’
weale, weal,'’
wealpublic,'’,'’
weare, wear,'’
wearie, weary,'’
wearinesse, weariness,'’
weeneth,'’,'’
weepe, weep,'’
weeped, wept,'’
Wekes,'’,'’
wel, well,'’
welfavouredly, well-favouredly,'’
well advised, well-advised,'’
well-nigh,'’,'’
welnigh, well-nigh,'’
welwiller, well-willer,'’
wentest,'’,'’
werest,'’,'’
wesel, weasel,'’
what soever, whatsoever,'’
wheate, wheat,'’
wheele, wheel,'’
whelpes, whelps,'’
wheras, whereas,'’
wherat, wheresat,'’
wherby, whereby,'’
wherewithall, wherewithal,'’
wherfore, wherefore,'’
wherof, whereof,'’
wherupon, whereupon,'’
wherwith, wherewith,'’
wherwithall, wherewithal,'’
Whibley,'’,'’
whippe, whip,'’
whipps, whips,'’
wholeome, wholesome,'’
wholsome, wholesome,'’
wholy, wholly,'’
whome, whom,'’
whore-hunting,'’,'’
whoredom,'’,'’
whorehunting, whore-hunting,'’
wickednesse, wickedness,'’
Wil,'’,'’
wil, will,'’
wilde, wild,'’
wilfully,'’, [UK]
William,'’,'’
william-adlington,'’,'’
winde, wind,'’
windes, winds,'’
windowes, windows,'’
winke, wink,'’
winne, win,'’
wisdome, wisdom,'’
wise-men, wise men,'’
wisedome, wisdom,'’
wisemen, wise-men,'’
withall, withal,'’
witnesse, witness,'’
wonderfull, wonderful,'’
wondred, wondered,'’
wondres, wonders,'’
wooe, woo,'’
wooll, wool,'’
woolves, wolves,'’
words,'’,'’
work?,'’,'’
worke, work,'’
workes, works,'’
wormes, worms,'’
worne, worn,'’
worthinesse, worthiness,'’
wracke, wrack,'’
wreast, wrest,'’
wretchednesse, wretchedness,'’
Wykes,'’,'’
x,'’,[latin]
xii,'’,[latin]
xviii,'’,[latin]
xviij,'’,[latin]
yeare, year,'’
yeares, years,'’
yee, you,'’
yeeld, yield,'’
yeelded, yielded,'’
yeeldest, yieldest,'’
yeeldeth, yieldeth,'’
yeelding, yielding,'’
yeere, year,'’
yieldest,'’,'’
yieldeth,'’,'’
yoake, yoke,'’
yong, young,'’
young-man,'’,'’
youthfull, youthful,'’
youthfullnes, youthfulness,'’
youthfulnesse, youthfulness,'’
yre, ire,'’
yrked, irked,'’
yrons, irons,'’
Zachlas,'’,'’
Zacynthe,'’,'’
Zephyrus,'’,'’
zu, '', [german]
διαφόρους, '', [greek]
ἣ, '', [greek]
λόγους, '', [greek]
λοὐκιος, '', [greek]
μεταμορφώσεων, '', [greek]
ὄνος, '', [greek]
